date,home_team,away_team,home_score,away_score,possession_home,possession_away,shots_home,shots_away,shots_on_target_home,shots_on_target_away,shots_off_target_home,shots_off_target_away,pass_accuracy_home,pass_accuracy_away,xG_home,xG_away,home_xg_margin,home_shot_efficiency,home_control_index,home_style_cluster,away_xg_margin,away_shot_efficiency,away_control_index,away_style_cluster
16/08/2024,Manchester United,Fulham,1.0,0.0,0.55,0.45,14.0,10.0,5.0,2.0,7.0,4.0,0.85,0.8,2.04268,0.418711,1.6239689999999998,0.14589529319334332,0.4675,1,-1.6239689999999998,0.04186691330866914,0.36000000000000004,2
17/08/2024,Ipswich,Liverpool,0.0,2.0,0.38,0.62,7.0,18.0,2.0,5.0,2.0,6.0,0.78,0.86,0.342601,3.92906,-3.586459,0.048936009141551204,0.2964,2,3.586459,0.21826898505638576,0.5332,1
17/08/2024,Newcastle,Southampton,1.0,0.0,0.22,0.78,3.0,19.0,1.0,4.0,0.0,4.0,0.65,0.89,0.43,1.95,-1.52,0.1432855714761746,0.14300000000000002,2,1.52,0.10262617756960159,0.6942,0
17/08/2024,Arsenal,Wolves,2.0,0.0,0.53,0.47,18.0,9.0,6.0,3.0,6.0,5.0,0.85,0.82,1.63,0.58,1.0499999999999998,0.09055052497083495,0.4505,0,-1.0499999999999998,0.06443728474613931,0.38539999999999996,0
17/08/2024,Everton,Brighton,0.0,3.0,0.38,0.62,9.0,10.0,1.0,5.0,4.0,3.0,0.77,0.86,0.405325,1.79083,-1.385505,0.045031107654705034,0.2926,2,1.385505,0.17906509349065095,0.5332,1
17/08/2024,Nottingham Forest,Bournemouth,1.0,1.0,0.53,0.47,14.0,13.0,8.0,4.0,3.0,6.0,0.8,0.78,1.24405,1.90915,-0.6650999999999998,0.08885436754517535,0.42400000000000004,0,0.6650999999999998,0.14684639643104377,0.3666,2
17/08/2024,West Ham,Aston Villa,1.0,2.0,0.52,0.48,14.0,15.0,3.0,3.0,7.0,6.0,0.84,0.84,2.8047,2.6703,0.13439999999999985,0.20032140561388473,0.4368,1,-0.13439999999999985,0.17800813279114727,0.40319999999999995,1
18/08/2024,Brentford,Crystal Palace,2.0,1.0,0.46,0.54,9.0,14.0,5.0,6.0,3.0,4.0,0.77,0.81,1.38064,1.14757,0.2330700000000001,0.15338740139984447,0.3542,2,-0.2330700000000001,0.0819634311834869,0.43740000000000007,0
18/08/2024,Chelsea,Manchester City,0.0,2.0,0.48,0.52,10.0,11.0,3.0,5.0,3.0,3.0,0.89,0.89,1.06123,1.18038,-0.11915000000000009,0.10611238876112389,0.42719999999999997,0,0.11915000000000009,0.10729751840741751,0.46280000000000004,0
19/08/2024,Leicester,Tottenham,1.0,1.0,0.3,0.7,7.0,15.0,3.0,7.0,3.0,3.0,0.77,0.9,1.02614,1.40775,-0.38161,0.14657048993001,0.23099999999999998,2,0.38161,0.09384374375041665,0.63,0
24/08/2024,Brighton,Manchester United,2.0,1.0,0.48,0.52,14.0,11.0,5.0,4.0,6.0,5.0,0.85,0.87,2.14153,1.28556,0.8559699999999999,0.15295550317834442,0.408,1,-0.8559699999999999,0.11685846741205345,0.4524,0
24/08/2024,Fulham,Leicester,2.0,1.0,0.54,0.46,18.0,10.0,6.0,4.0,7.0,4.0,0.85,0.84,1.96218,0.857005,1.105175,0.10900394422532081,0.459,0,-1.105175,0.08569193080691931,0.3864,0
24/08/2024,Southampton,Nottingham Forest,0.0,1.0,0.65,0.35,5.0,23.0,1.0,8.0,1.0,8.0,0.91,0.84,0.214952,2.86475,-2.649798,0.04298180363927214,0.5915,0,2.649798,0.12454893265510195,0.294,1
24/08/2024,Tottenham,Everton,4.0,0.0,0.71,0.29,13.0,10.0,7.0,1.0,5.0,3.0,0.89,0.75,2.61143,0.648869,1.962561,0.20086377970925315,0.6319,1,-1.962561,0.06488041195880413,0.21749999999999997,2
24/08/2024,Manchester City,Ipswich,4.0,1.0,0.75,0.25,14.0,1.0,5.0,1.0,6.0,0.0,0.93,0.82,3.07818,0.479999,2.5981810000000003,0.21985429612170562,0.6975,1,-2.5981810000000003,0.47951948051948057,0.205,1
24/08/2024,Crystal Palace,West Ham,0.0,2.0,0.58,0.42,14.0,18.0,2.0,3.0,8.0,10.0,0.82,0.77,1.3761,1.53421,-0.15810999999999997,0.09828583672594816,0.4755999999999999,0,0.15810999999999997,0.08522915393589245,0.3234,2
24/08/2024,Aston Villa,Arsenal,0.0,2.0,0.39,0.61,11.0,9.0,3.0,4.0,3.0,4.0,0.82,0.91,1.31664,1.41399,-0.09735000000000005,0.11968366512135262,0.3198,2,0.09735000000000005,0.1570925452727475,0.5551,0
25/08/2024,Bournemouth,Newcastle,1.0,1.0,0.39,0.61,16.0,14.0,4.0,5.0,7.0,4.0,0.76,0.79,2.54,1.89,0.6500000000000001,0.15874007874507842,0.2964,2,-0.6500000000000001,0.13499035783158345,0.4819,0
25/08/2024,Wolves,Chelsea,2.0,6.0,0.4,0.6,12.0,14.0,4.0,8.0,6.0,3.0,0.79,0.86,2.42,2.03,0.3900000000000001,0.2016498625114574,0.31600000000000006,2,-0.3900000000000001,0.14498964359688593,0.516,0
25/08/2024,Liverpool,Brentford,2.0,0.0,0.63,0.37,19.0,8.0,8.0,2.0,4.0,3.0,0.92,0.82,2.71877,0.457239,2.261531,0.14308562707225936,0.5796,1,-2.261531,0.05714773153355831,0.3034,2
31/08/2024,Arsenal,Brighton,1.0,1.0,0.36,0.64,11.0,22.0,7.0,4.0,2.0,10.0,0.74,0.86,2.41798,1.81748,0.6005,0.21979638214707756,0.26639999999999997,2,-0.6005,0.08260897231944002,0.5504,0
31/08/2024,Everton,Bournemouth,2.0,3.0,0.47,0.53,18.0,17.0,8.0,7.0,8.0,5.0,0.74,0.77,2.55629,2.95688,-0.4005899999999998,0.14200822176545747,0.3478,2,0.4005899999999998,0.17392388683018645,0.4081,1
31/08/2024,Leicester,Aston Villa,1.0,2.0,0.58,0.42,9.0,10.0,3.0,5.0,5.0,3.0,0.89,0.83,0.774741,2.16385,-1.389109,0.08607276969225643,0.5162,0,1.389109,0.21636336366363365,0.34859999999999997,1
31/08/2024,Brentford,Southampton,3.0,1.0,0.37,0.63,20.0,18.0,7.0,6.0,7.0,7.0,0.87,0.88,3.86281,1.64713,2.21568,0.1931308434578271,0.3219,1,-2.21568,0.09150213877006833,0.5544,0
31/08/2024,Ipswich,Fulham,1.0,1.0,0.49,0.51,11.0,9.0,4.0,4.0,3.0,2.0,0.86,0.86,0.707048,1.18883,-0.48178200000000004,0.06427124806835742,0.4214,0,0.48178200000000004,0.132077546939229,0.4386,0
31/08/2024,Nottingham Forest,Wolves,1.0,1.0,0.52,0.48,16.0,11.0,5.0,3.0,5.0,6.0,0.8,0.78,1.41,0.94,0.47,0.08811949253171676,0.41600000000000004,0,-0.47,0.08544677756567584,0.3744,2
31/08/2024,West Ham,Manchester City,1.0,3.0,0.32,0.68,10.0,23.0,2.0,8.0,5.0,10.0,0.84,0.92,0.947201,3.19297,-2.245769,0.09471062893710629,0.2688,2,2.245769,0.1388187470109995,0.6256,1
01/09/2024,Newcastle,Tottenham,2.0,1.0,0.34,0.66,9.0,20.0,3.0,6.0,3.0,6.0,0.7,0.84,1.59,1.63,-0.039999999999999813,0.1766470392178647,0.238,2,0.039999999999999813,0.0814959252037398,0.5544,0
01/09/2024,Chelsea,Crystal Palace,1.0,1.0,0.63,0.37,13.0,9.0,7.0,3.0,5.0,1.0,0.9,0.79,2.97743,0.459708,2.517722,0.22901546034920392,0.5670000000000001,1,-2.517722,0.051072991889790025,0.2923,2
01/09/2024,Manchester United,Liverpool,0.0,3.0,0.53,0.47,8.0,11.0,3.0,3.0,5.0,7.0,0.83,0.84,1.50087,2.10397,-0.6031,0.18758530183727035,0.4399,1,0.6031,0.19125261339878194,0.3948,1
14/09/2024,Southampton,Manchester United,0.0,3.0,0.44,0.56,6.0,20.0,4.0,10.0,1.0,3.0,0.88,0.91,1.35593,3.02693,-1.671,0.22595067488751874,0.3872,1,1.671,0.15133893305334734,0.5096,1
14/09/2024,Fulham,West Ham,1.0,1.0,0.55,0.45,21.0,11.0,5.0,3.0,8.0,5.0,0.8,0.77,2.88601,0.682719,2.203291,0.13742250369030046,0.44000000000000006,1,-2.203291,0.06205972184346877,0.34650000000000003,2
14/09/2024,Liverpool,Nottingham Forest,0.0,1.0,0.69,0.31,14.0,5.0,5.0,3.0,6.0,2.0,0.84,0.69,1.17044,0.589532,0.580908,0.08359688593671881,0.5795999999999999,0,-0.580908,0.11788282343531292,0.21389999999999998,2
14/09/2024,Manchester City,Brentford,2.0,1.0,0.54,0.46,18.0,8.0,7.0,5.0,6.0,2.0,0.89,0.85,1.55279,1.05094,0.5018499999999999,0.08626131881562134,0.4806,0,-0.5018499999999999,0.13135108111486066,0.391,0
14/09/2024,Brighton,Ipswich,0.0,0.0,0.69,0.31,21.0,6.0,6.0,1.0,5.0,4.0,0.86,0.7,1.75696,0.721323,1.035637,0.08366077805818771,0.5933999999999999,0,-1.035637,0.12020046658890185,0.217,2
14/09/2024,Crystal Palace,Leicester,2.0,2.0,0.67,0.33,20.0,9.0,4.0,4.0,6.0,4.0,0.85,0.69,2.88716,1.65187,1.2352900000000002,0.14435078246087696,0.5695,1,-1.2352900000000002,0.1835207199200089,0.22769999999999999,2
14/09/2024,Aston Villa,Everton,3.0,2.0,0.73,0.27,17.0,6.0,8.0,2.0,6.0,3.0,0.91,0.76,3.15876,0.852158,2.306602,0.18579848244220926,0.6643,1,-2.306602,0.14200266622229626,0.20520000000000002,2
14/09/2024,Bournemouth,Chelsea,0.0,1.0,0.33,0.67,19.0,10.0,7.0,3.0,8.0,3.0,0.7,0.85,1.53731,0.932726,0.6045839999999999,0.0809067943792432,0.23099999999999998,2,-0.6045839999999999,0.09326327367263275,0.5695,0
15/09/2024,Tottenham,Arsenal,0.0,1.0,0.64,0.36,15.0,7.0,5.0,4.0,4.0,0.0,0.88,0.76,0.792595,1.1209,-0.32830499999999996,0.052836144257049536,0.5632,0,0.32830499999999996,0.1601056991858306,0.2736,2
15/09/2024,Wolves,Newcastle,1.0,2.0,0.49,0.51,12.0,14.0,5.0,6.0,5.0,4.0,0.84,0.88,1.47,1.48,-0.010000000000000009,0.12248979251729022,0.41159999999999997,0,0.010000000000000009,0.10570673523319764,0.44880000000000003,0
21/09/2024,West Ham,Chelsea,0.0,3.0,0.53,0.47,15.0,12.0,7.0,5.0,3.0,4.0,0.89,0.87,0.758267,2.39727,-1.6390029999999998,0.050547763482434505,0.4717,0,1.6390029999999998,0.1997558536788601,0.4089,1
21/09/2024,Fulham,Newcastle,3.0,1.0,0.39,0.61,22.0,16.0,11.0,5.0,9.0,8.0,0.82,0.9,3.21,1.1,2.11,0.1459024589791373,0.3198,1,-2.11,0.0687457033935379,0.549,0
21/09/2024,Liverpool,Bournemouth,3.0,0.0,0.59,0.41,19.0,19.0,13.0,6.0,3.0,9.0,0.89,0.85,2.43731,1.46979,0.9675200000000002,0.12827272248829008,0.5251,0,-0.9675200000000002,0.07735329719488447,0.3485,0
21/09/2024,Southampton,Ipswich,1.0,1.0,0.54,0.46,11.0,13.0,3.0,6.0,5.0,4.0,0.87,0.86,2.89813,1.645,1.25313,0.2634424143259704,0.46980000000000005,1,-1.25313,0.1265287285593416,0.3956,0
21/09/2024,Leicester,Everton,1.0,1.0,0.59,0.41,12.0,17.0,2.0,5.0,7.0,6.0,0.85,0.81,1.33793,1.82377,-0.4858399999999998,0.11148487626031166,0.5015,0,0.4858399999999998,0.10727427798364801,0.3321,2
21/09/2024,Tottenham,Brentford,3.0,1.0,0.48,0.52,23.0,6.0,10.0,6.0,3.0,0.0,0.82,0.8,3.89481,0.893565,3.001245,0.16933220294769794,0.39359999999999995,1,-3.001245,0.14890268288618563,0.41600000000000004,2
21/09/2024,Aston Villa,Wolves,3.0,1.0,0.53,0.47,9.0,10.0,4.0,4.0,2.0,1.0,0.88,0.86,2.37,0.52,1.85,0.2633040773247417,0.46640000000000004,1,-1.85,0.05199480051994801,0.40419999999999995,0
21/09/2024,Crystal Palace,Manchester United,0.0,0.0,0.33,0.67,9.0,15.0,4.0,6.0,3.0,5.0,0.71,0.86,1.66928,2.35056,-0.6812800000000001,0.18545494945006114,0.2343,2,0.6812800000000001,0.15669355376308247,0.5762,1
22/09/2024,Brighton,Nottingham Forest,2.0,2.0,0.7,0.3,14.0,4.0,3.0,3.0,4.0,0.0,0.88,0.69,1.56836,1.36923,0.19913000000000003,0.11201771302049854,0.616,0,-0.19913000000000003,0.3422219445138715,0.207,2
22/09/2024,Manchester City,Arsenal,2.0,2.0,0.77,0.23,33.0,5.0,11.0,3.0,9.0,2.0,0.91,0.71,2.75588,1.28411,1.4717699999999998,0.08350898457622496,0.7007,0,-1.4717699999999998,0.2567706458708258,0.1633,2
28/09/2024,Newcastle,Manchester City,1.0,1.0,0.38,0.62,11.0,16.0,4.0,6.0,3.0,4.0,0.79,0.88,1.34,1.27,0.07000000000000006,0.12180710844468685,0.3002,2,-0.07000000000000006,0.07937003937253921,0.5456,0
28/09/2024,Arsenal,Leicester,4.0,2.0,0.75,0.25,36.0,5.0,16.0,3.0,10.0,1.0,0.89,0.74,6.05305,0.337909,5.715141,0.16813560734424043,0.6675,1,-5.715141,0.06756828634273145,0.185,2
28/09/2024,Everton,Crystal Palace,2.0,1.0,0.4,0.6,8.0,17.0,2.0,5.0,4.0,5.0,0.75,0.81,1.10959,1.12358,-0.013989999999999947,0.13868141482314714,0.30000000000000004,2,0.013989999999999947,0.06608905358508323,0.486,0
28/09/2024,Chelsea,Brighton,4.0,2.0,0.41,0.59,15.0,15.0,7.0,5.0,5.0,5.0,0.77,0.86,3.65839,1.20712,2.45127,0.2438764082394507,0.3157,1,-2.45127,0.08046930204653023,0.5074,0
28/09/2024,Brentford,West Ham,1.0,1.0,0.57,0.43,8.0,19.0,3.0,3.0,2.0,10.0,0.8,0.79,0.370222,0.878617,-0.5083949999999999,0.046271966004249473,0.45599999999999996,0,0.5083949999999999,0.04624056628598494,0.3397,2
28/09/2024,Nottingham Forest,Fulham,0.0,1.0,0.41,0.59,11.0,14.0,1.0,2.0,5.0,5.0,0.79,0.87,0.614351,1.43592,-0.8215690000000001,0.05584501408962822,0.3239,2,0.8215690000000001,0.1025583886865224,0.5133,0
28/09/2024,Wolves,Liverpool,1.0,2.0,0.45,0.55,8.0,10.0,3.0,6.0,3.0,3.0,0.84,0.85,0.75,2.12,-1.37,0.09373828271466067,0.378,0,1.37,0.21197880211978803,0.4675,1
29/09/2024,Ipswich,Aston Villa,2.0,2.0,0.44,0.56,15.0,7.0,5.0,3.0,6.0,4.0,0.85,0.89,1.84608,1.14494,0.7011399999999999,0.1230637957469502,0.374,0,-0.7011399999999999,0.16353949435794887,0.49840000000000007,0
29/09/2024,Manchester United,Tottenham,0.0,3.0,0.39,0.61,11.0,24.0,2.0,10.0,5.0,7.0,0.79,0.88,0.600721,5.4072,-4.8064789999999995,0.054606035814925916,0.30810000000000004,2,4.8064789999999995,0.2252906128911295,0.5367999999999999,1
30/09/2024,Bournemouth,Southampton,3.0,1.0,0.4,0.6,14.0,9.0,6.0,3.0,2.0,3.0,0.81,0.86,1.44215,0.696068,0.746082,0.10300335690307835,0.32400000000000007,2,-0.746082,0.07733229641150983,0.516,0
05/10/2024,Crystal Palace,Liverpool,0.0,1.0,0.32,0.68,9.0,16.0,5.0,4.0,4.0,7.0,0.7,0.86,0.609481,2.07332,-1.4638389999999997,0.06771258749027886,0.22399999999999998,2,1.4638389999999997,0.1295744015999,0.5848,1
05/10/2024,Arsenal,Southampton,3.0,1.0,0.59,0.41,29.0,8.0,6.0,2.0,13.0,1.0,0.9,0.85,3.25165,1.27313,1.97852,0.11212199579324851,0.531,1,-1.97852,0.15912135983002126,0.3485,2
05/10/2024,Leicester,Bournemouth,1.0,0.0,0.44,0.56,6.0,19.0,2.0,2.0,3.0,11.0,0.76,0.82,0.912063,1.94963,-1.0375670000000001,0.1519851691384769,0.33440000000000003,2,1.0375670000000001,0.10260670491026787,0.4592,0
05/10/2024,West Ham,Ipswich,4.0,1.0,0.53,0.47,23.0,9.0,13.0,2.0,6.0,4.0,0.87,0.84,4.39402,1.18463,3.20939,0.19103604191122125,0.4611,1,-3.20939,0.1316109321186535,0.3948,0
05/10/2024,Manchester City,Fulham,3.0,2.0,0.58,0.42,20.0,11.0,7.0,4.0,5.0,3.0,0.91,0.87,1.36684,2.75846,-1.3916199999999999,0.06833858307084646,0.5277999999999999,0,1.3916199999999999,0.2507462957912917,0.3654,1
05/10/2024,Brentford,Wolves,5.0,3.0,0.44,0.56,19.0,17.0,12.0,6.0,4.0,7.0,0.78,0.79,4.14,0.73,3.4099999999999997,0.21788326930161567,0.3432,1,-3.4099999999999997,0.04293865066760778,0.44240000000000007,0
05/10/2024,Everton,Newcastle,0.0,0.0,0.32,0.68,8.0,14.0,2.0,3.0,5.0,8.0,0.74,0.86,0.69,1.79,-1.1,0.08623922009748781,0.2368,2,1.1,0.1278480108563674,0.5848,0
06/10/2024,Chelsea,Nottingham Forest,1.0,1.0,0.66,0.34,22.0,16.0,8.0,9.0,9.0,1.0,0.88,0.76,2.27752,1.66654,0.6109800000000001,0.10351893095768373,0.5808,0,-0.6109800000000001,0.10415224048496968,0.2584,2
06/10/2024,Aston Villa,Manchester United,0.0,0.0,0.54,0.46,11.0,10.0,1.0,4.0,7.0,4.0,0.83,0.82,0.532809,0.448537,0.08427199999999996,0.04843277883828743,0.4482,0,-0.08427199999999996,0.044849215078492155,0.3772,0
06/10/2024,Brighton,Tottenham,3.0,2.0,0.41,0.59,11.0,13.0,4.0,3.0,5.0,7.0,0.83,0.88,1.97217,1.09279,0.87938,0.17927188437414782,0.34029999999999994,1,-0.87938,0.08405430351511423,0.5192,0
19/10/2024,Tottenham,West Ham,4.0,1.0,0.57,0.43,22.0,11.0,7.0,4.0,9.0,4.0,0.87,0.81,1.44052,0.858803,0.581717,0.06547520567246944,0.49589999999999995,0,-0.581717,0.07806590309971821,0.3483,2
19/10/2024,Manchester United,Brentford,2.0,1.0,0.5,0.5,23.0,8.0,11.0,2.0,6.0,4.0,0.84,0.85,1.76555,0.892843,0.8727069999999999,0.07675970609973479,0.42,0,-0.8727069999999999,0.11159142607174105,0.425,0
19/10/2024,Newcastle,Brighton,0.0,1.0,0.6,0.4,21.0,10.0,6.0,5.0,6.0,3.0,0.82,0.79,1.94,1.68,0.26,0.0923765534974525,0.49199999999999994,0,-0.26,0.16798320167983202,0.31600000000000006,2
19/10/2024,Fulham,Aston Villa,1.0,3.0,0.52,0.48,10.0,14.0,4.0,5.0,5.0,5.0,0.87,0.88,2.63074,1.43595,1.1947899999999998,0.26304769523047694,0.4524,1,-1.1947899999999998,0.10256053139061497,0.4224,0
19/10/2024,Southampton,Leicester,2.0,3.0,0.42,0.58,14.0,18.0,7.0,4.0,5.0,10.0,0.83,0.85,2.42776,2.83826,-0.41049999999999986,0.17339904292550534,0.34859999999999997,2,0.41049999999999986,0.15767235153602577,0.49299999999999994,1
19/10/2024,Ipswich,Everton,0.0,2.0,0.55,0.45,13.0,11.0,2.0,8.0,8.0,3.0,0.87,0.79,1.174,1.60804,-0.43404,0.09030074609645412,0.47850000000000004,0,0.43404,0.1461721661667121,0.35550000000000004,2
19/10/2024,Bournemouth,Arsenal,2.0,0.0,0.49,0.51,13.0,6.0,4.0,1.0,4.0,4.0,0.8,0.79,2.18419,0.740758,1.443432,0.1680016921775248,0.392,1,-1.443432,0.12343909348441925,0.40290000000000004,2
20/10/2024,Wolves,Manchester City,1.0,2.0,0.22,0.78,3.0,22.0,2.0,7.0,1.0,7.0,0.66,0.9,0.76,1.37,-0.6100000000000001,0.25324891702765745,0.1452,2,0.6100000000000001,0.062269896822871686,0.7020000000000001,0
20/10/2024,Liverpool,Chelsea,2.0,1.0,0.43,0.57,9.0,12.0,5.0,2.0,3.0,6.0,0.8,0.88,2.22517,1.33904,0.8861299999999999,0.2472136429285635,0.34400000000000003,1,-0.8861299999999999,0.11157736855262063,0.5015999999999999,0
21/10/2024,Nottingham Forest,Crystal Palace,1.0,0.0,0.5,0.5,20.0,20.0,6.0,7.0,5.0,7.0,0.82,0.8,1.88573,0.835001,1.050729,0.09428178591070445,0.41,0,-1.050729,0.0417479626018699,0.4,0
25/10/2024,Leicester,Nottingham Forest,1.0,3.0,0.64,0.36,11.0,20.0,1.0,5.0,7.0,9.0,0.86,0.76,0.832415,2.54488,-1.712465,0.07566721207162985,0.5504,0,1.712465,0.12723763811809408,0.2736,2
26/10/2024,Manchester City,Southampton,1.0,0.0,0.57,0.43,22.0,5.0,8.0,2.0,7.0,2.0,0.93,0.91,3.16286,0.369989,2.792871,0.14375982909867732,0.5301,1,-2.792871,0.07398300339932014,0.3913,0
26/10/2024,Brighton,Wolves,2.0,2.0,0.51,0.49,19.0,14.0,6.0,7.0,5.0,2.0,0.87,0.82,1.51,1.11,0.3999999999999999,0.07946950160517867,0.4437,0,-0.3999999999999999,0.07928005142489823,0.4018,0
26/10/2024,Brentford,Ipswich,4.0,3.0,0.65,0.35,20.0,11.0,9.0,5.0,5.0,6.0,0.84,0.72,4.09663,1.65698,2.4396500000000003,0.20482125893705314,0.546,1,-2.4396500000000003,0.1506208526497591,0.252,2
26/10/2024,Aston Villa,Bournemouth,1.0,1.0,0.57,0.43,18.0,10.0,8.0,3.0,5.0,4.0,0.83,0.83,1.974,0.328651,1.645349,0.10966057441253263,0.4730999999999999,1,-1.645349,0.03286181381861814,0.3569,0
26/10/2024,Everton,Fulham,1.0,1.0,0.4,0.6,10.0,14.0,5.0,3.0,3.0,9.0,0.79,0.86,0.884845,1.49531,-0.6104649999999999,0.08847565243475652,0.31600000000000006,2,0.6104649999999999,0.10680022855510321,0.516,0
27/10/2024,West Ham,Manchester United,2.0,1.0,0.43,0.57,12.0,18.0,3.0,5.0,8.0,7.0,0.81,0.84,2.99312,2.62598,0.3671399999999996,0.2494058828430964,0.3483,1,-0.3671399999999996,0.14587967335148047,0.47879999999999995,0
27/10/2024,Chelsea,Newcastle,2.0,1.0,0.5,0.5,17.0,11.0,7.0,3.0,6.0,5.0,0.85,0.8,1.62,1.74,-0.11999999999999988,0.09528851244044467,0.425,0,0.11999999999999988,0.15816743932369784,0.4,1
27/10/2024,Crystal Palace,Tottenham,1.0,0.0,0.34,0.66,14.0,11.0,6.0,3.0,7.0,4.0,0.64,0.81,0.978611,1.0192,-0.0405890000000001,0.0698957931576316,0.21760000000000002,2,0.0405890000000001,0.09264612307972003,0.5346000000000001,0
27/10/2024,Arsenal,Liverpool,2.0,2.0,0.45,0.55,9.0,9.0,3.0,4.0,4.0,3.0,0.8,0.83,1.0883,1.35346,-0.26516000000000006,0.12090878791245419,0.36000000000000004,2,0.26516000000000006,0.15036773691812022,0.4565,1
02/11/2024,Newcastle,Arsenal,1.0,0.0,0.36,0.64,9.0,10.0,4.0,1.0,2.0,6.0,0.69,0.86,0.86,0.91,-0.050000000000000044,0.0955449394511721,0.24839999999999998,2,0.050000000000000044,0.09099090090990902,0.5504,0
02/11/2024,Bournemouth,Manchester City,2.0,1.0,0.36,0.64,12.0,18.0,6.0,4.0,4.0,10.0,0.84,0.9,2.4493,2.3527,0.09660000000000002,0.20409132572285643,0.3024,1,-0.09660000000000002,0.13069829453919227,0.5760000000000001,0
02/11/2024,Liverpool,Brighton,2.0,1.0,0.49,0.51,16.0,13.0,8.0,5.0,2.0,4.0,0.83,0.87,1.81037,1.01568,0.7946900000000001,0.11314105368414473,0.40669999999999995,0,-0.7946900000000001,0.07812322129066994,0.4437,0
02/11/2024,Southampton,Everton,1.0,0.0,0.65,0.35,9.0,16.0,2.0,5.0,5.0,8.0,0.92,0.81,0.540345,1.78581,-1.2454649999999998,0.06003166314853905,0.5980000000000001,0,1.2454649999999998,0.111606149615649,0.2835,2
02/11/2024,Ipswich,Leicester,1.0,1.0,0.42,0.58,14.0,20.0,2.0,6.0,6.0,6.0,0.77,0.8,1.33617,2.33858,-1.0024099999999998,0.09543389757874439,0.3234,2,1.0024099999999998,0.11692315384230788,0.46399999999999997,0
02/11/2024,Nottingham Forest,West Ham,3.0,0.0,0.53,0.47,19.0,4.0,6.0,2.0,10.0,2.0,0.85,0.79,2.35011,0.132317,2.217793,0.12368349034261353,0.4505,1,-2.217793,0.03307098225443639,0.3713,2
02/11/2024,Wolves,Crystal Palace,2.0,2.0,0.57,0.43,11.0,19.0,6.0,7.0,4.0,7.0,0.8,0.76,1.65,2.65,-1.0,0.14998636487592037,0.45599999999999996,0,1.0,0.13946634387663806,0.3268,2
03/11/2024,Tottenham,Aston Villa,4.0,1.0,0.51,0.49,16.0,12.0,6.0,1.0,8.0,8.0,0.89,0.84,2.09751,2.48749,-0.38998,0.1310861821136179,0.4539,0,0.38998,0.20727356053662196,0.41159999999999997,1
03/11/2024,Manchester United,Chelsea,1.0,1.0,0.46,0.54,11.0,12.0,4.0,3.0,4.0,4.0,0.8,0.84,2.1605,1.21071,0.9497899999999999,0.19639123716025816,0.36800000000000005,1,-0.9497899999999999,0.10088409299225065,0.4536,0
04/11/2024,Fulham,Brentford,2.0,1.0,0.68,0.32,26.0,5.0,12.0,2.0,4.0,1.0,0.88,0.7,1.43017,0.739231,0.690939,0.05500442290681127,0.5984,0,-0.690939,0.14781663667266545,0.22399999999999998,2
09/11/2024,Wolves,Southampton,2.0,0.0,0.29,0.71,8.0,9.0,4.0,0.0,1.0,6.0,0.77,0.9,0.91,0.79,0.12,0.11373578302712162,0.2233,2,-0.12,0.08776802577491391,0.639,0
09/11/2024,West Ham,Everton,0.0,0.0,0.49,0.51,11.0,18.0,6.0,4.0,1.0,8.0,0.78,0.76,1.1237,0.865983,0.257717,0.10214525952186165,0.3822,2,-0.257717,0.04810749402810954,0.3876,2
09/11/2024,Crystal Palace,Fulham,0.0,2.0,0.36,0.64,13.0,17.0,5.0,7.0,6.0,6.0,0.77,0.85,1.96037,2.25331,-0.29294,0.1507860933774325,0.2772,2,0.29294,0.1325398505970237,0.544,0
09/11/2024,Brentford,Bournemouth,3.0,2.0,0.52,0.48,12.0,15.0,6.0,3.0,2.0,3.0,0.76,0.75,1.56474,2.49234,-0.9276,0.13038413465544538,0.3952,2,0.9276,0.16614492367175523,0.36,2
09/11/2024,Brighton,Manchester City,2.0,1.0,0.4,0.6,10.0,15.0,4.0,6.0,4.0,6.0,0.87,0.9,2.87116,2.60334,0.26781999999999995,0.28708729127087296,0.34800000000000003,1,-0.26781999999999995,0.1735444303713086,0.54,0
09/11/2024,Liverpool,Aston Villa,2.0,0.0,0.62,0.38,14.0,12.0,5.0,2.0,6.0,8.0,0.88,0.82,2.68196,1.66337,1.01859,0.19155488893650455,0.5456,1,-1.01859,0.13860261644862928,0.3116,2
10/11/2024,Manchester United,Leicester,3.0,0.0,0.51,0.49,13.0,6.0,3.0,5.0,4.0,1.0,0.85,0.83,1.2369,0.417295,0.8196050000000001,0.0951388354741943,0.4335,0,-0.8196050000000001,0.06953757707048826,0.40669999999999995,0
10/11/2024,Tottenham,Ipswich,1.0,2.0,0.66,0.34,17.0,8.0,5.0,3.0,9.0,2.0,0.84,0.68,1.75088,2.18392,-0.4330400000000001,0.10298688312452207,0.5544,0,0.4330400000000001,0.2729558805149357,0.23120000000000004,2
10/11/2024,Nottingham Forest,Newcastle,1.0,3.0,0.44,0.56,9.0,17.0,3.0,6.0,3.0,7.0,0.78,0.86,1.18,1.17,0.010000000000000009,0.1310965448283524,0.3432,2,-0.010000000000000009,0.06881948120698782,0.48160000000000003,0
10/11/2024,Chelsea,Arsenal,1.0,1.0,0.49,0.51,17.0,13.0,3.0,3.0,6.0,4.0,0.85,0.88,1.24067,1.9605,-0.71983,0.0729762955120287,0.4165,0,0.71983,0.1507960926082609,0.44880000000000003,1
23/11/2024,Leicester,Chelsea,1.0,2.0,0.37,0.63,4.0,16.0,1.0,7.0,2.0,6.0,0.75,0.87,0.967987,2.81658,-1.8485930000000002,0.2419362659335166,0.27749999999999997,2,1.8485930000000002,0.17602524842197362,0.5481,1
23/11/2024,Bournemouth,Brighton,1.0,2.0,0.55,0.45,19.0,6.0,5.0,4.0,11.0,1.0,0.87,0.81,1.91157,1.23059,0.6809799999999999,0.10060365243934528,0.47850000000000004,0,-0.6809799999999999,0.20506415597400432,0.36450000000000005,2
23/11/2024,Fulham,Wolves,1.0,4.0,0.59,0.41,10.0,10.0,3.0,5.0,4.0,2.0,0.85,0.83,0.72,1.34,-0.6200000000000001,0.071992800719928,0.5015,0,0.6200000000000001,0.13398660133986603,0.34029999999999994,2
23/11/2024,Arsenal,Nottingham Forest,3.0,0.0,0.66,0.34,19.0,7.0,7.0,0.0,7.0,5.0,0.91,0.81,1.66016,0.403136,1.2570240000000001,0.08737224356612809,0.6006,0,-1.2570240000000001,0.05758263105270675,0.27540000000000003,2
23/11/2024,Everton,Brentford,0.0,0.0,0.59,0.41,27.0,9.0,5.0,2.0,12.0,4.0,0.87,0.79,1.5951,1.34314,0.25195999999999996,0.059075589792970624,0.5133,0,-0.25195999999999996,0.14922119764470615,0.3239,2
23/11/2024,Aston Villa,Crystal Palace,2.0,2.0,0.7,0.3,17.0,13.0,5.0,6.0,6.0,6.0,0.86,0.69,3.04455,1.61437,1.43018,0.1790806423151579,0.602,1,-1.43018,0.12417275594185063,0.207,2
23/11/2024,Manchester City,Tottenham,0.0,4.0,0.58,0.42,23.0,9.0,5.0,7.0,11.0,2.0,0.92,0.84,2.15899,3.30449,-1.1454999999999997,0.09386504934568063,0.5336,0,1.1454999999999997,0.36712476391512056,0.35279999999999995,1
24/11/2024,Southampton,Liverpool,2.0,3.0,0.38,0.62,7.0,27.0,5.0,11.0,2.0,7.0,0.83,0.89,1.53985,3.18835,-1.6484999999999999,0.21994715040708468,0.3154,2,1.6484999999999999,0.11808266360505165,0.5518,1
24/11/2024,Ipswich,Manchester United,1.0,1.0,0.4,0.6,11.0,11.0,6.0,4.0,3.0,5.0,0.82,0.88,1.98714,1.26912,0.7180199999999999,0.18063266975729478,0.328,1,-0.7180199999999999,0.11536405781292611,0.528,0
25/11/2024,Newcastle,West Ham,0.0,2.0,0.53,0.47,18.0,15.0,2.0,6.0,10.0,3.0,0.85,0.82,1.5,0.94,0.56,0.08332870396089105,0.4505,0,-0.56,0.06266248916738884,0.38539999999999996,0
29/11/2024,Brighton,Southampton,1.0,1.0,0.52,0.48,22.0,10.0,5.0,2.0,10.0,2.0,0.9,0.87,1.86986,0.934969,0.934891,0.08498977319212762,0.468,0,-0.934891,0.09348755124487552,0.41759999999999997,0
30/11/2024,Wolves,Bournemouth,2.0,4.0,0.6,0.4,10.0,12.0,3.0,8.0,5.0,2.0,0.85,0.77,0.87,3.08,-2.21,0.08699130086991301,0.51,0,2.21,0.2566452795600367,0.30800000000000005,1
30/11/2024,Crystal Palace,Newcastle,1.0,1.0,0.49,0.51,16.0,1.0,4.0,0.0,7.0,0.0,0.8,0.81,2.3,0.02,2.28,0.14374101618648832,0.392,1,-2.28,0.019980019980019983,0.4131,0
30/11/2024,Brentford,Leicester,4.0,1.0,0.6,0.4,13.0,7.0,6.0,3.0,3.0,1.0,0.85,0.76,2.21885,0.907555,1.3112950000000003,0.17066764095069611,0.51,1,-1.3112950000000003,0.12963219540065704,0.30400000000000005,2
30/11/2024,Nottingham Forest,Ipswich,1.0,0.0,0.45,0.55,12.0,7.0,5.0,3.0,5.0,2.0,0.77,0.79,1.76587,0.462771,1.303099,0.1471435713690526,0.34650000000000003,2,-1.303099,0.06610069990001428,0.43450000000000005,0
30/11/2024,West Ham,Arsenal,2.0,5.0,0.4,0.6,12.0,16.0,5.0,7.0,3.0,5.0,0.78,0.84,1.23539,3.99935,-2.76396,0.10294058828430964,0.31200000000000006,2,2.76396,0.2499437535154053,0.504,1
01/12/2024,Manchester United,Everton,4.0,0.0,0.6,0.4,11.0,8.0,5.0,2.0,2.0,3.0,0.9,0.86,1.76161,0.766749,0.9948609999999999,0.16013180619943643,0.54,1,-0.9948609999999999,0.09583164604424448,0.34400000000000003,0
01/12/2024,Tottenham,Fulham,1.0,1.0,0.51,0.49,8.0,14.0,3.0,6.0,3.0,4.0,0.87,0.84,1.01086,1.57274,-0.5618799999999999,0.1263417072865892,0.4437,0,0.5618799999999999,0.11233054781801301,0.41159999999999997,0
01/12/2024,Chelsea,Aston Villa,3.0,0.0,0.64,0.36,17.0,10.0,8.0,4.0,6.0,3.0,0.9,0.84,1.94939,0.875443,1.073947,0.11466325510264101,0.5760000000000001,0,-1.073947,0.08753554644535547,0.3024,2
01/12/2024,Liverpool,Manchester City,2.0,0.0,0.44,0.56,18.0,8.0,7.0,2.0,7.0,3.0,0.84,0.88,3.70054,0.745015,2.955525,0.20557413477029055,0.3696,1,-2.955525,0.09311523559555056,0.49280000000000007,0
03/12/2024,Ipswich,Crystal Palace,0.0,1.0,0.54,0.46,9.0,13.0,2.0,3.0,4.0,4.0,0.83,0.8,0.471708,1.65422,-1.182512,0.05240617709143429,0.4482,0,1.182512,0.12723790477655567,0.36800000000000005,1
03/12/2024,Leicester,West Ham,3.0,1.0,0.39,0.61,8.0,31.0,6.0,10.0,2.0,10.0,0.75,0.86,2.78061,2.87716,-0.09655000000000014,0.3475328083989501,0.2925,1,0.09655000000000014,0.09280861907680397,0.5246,0
04/12/2024,Newcastle,Liverpool,3.0,3.0,0.41,0.59,17.0,16.0,6.0,5.0,7.0,5.0,0.79,0.88,1.52,2.23,-0.71,0.08940650549967648,0.3239,2,0.71,0.13936628960689956,0.5192,0
04/12/2024,Southampton,Chelsea,1.0,5.0,0.45,0.55,6.0,26.0,4.0,13.0,0.0,7.0,0.89,0.92,1.91014,5.8331,-3.92296,0.3183036160639893,0.4005,1,3.92296,0.22434137148571207,0.5060000000000001,1
04/12/2024,Everton,Wolves,4.0,0.0,0.44,0.56,13.0,6.0,4.0,2.0,5.0,2.0,0.8,0.8,1.5,0.85,0.65,0.1153757403276671,0.35200000000000004,2,-0.65,0.14164305949008496,0.44800000000000006,0
04/12/2024,Manchester City,Nottingham Forest,3.0,0.0,0.66,0.34,17.0,12.0,7.0,3.0,7.0,7.0,0.89,0.79,3.20169,0.802155,2.399535,0.18832362802188107,0.5874,1,-2.399535,0.06684067994333806,0.2686,2
04/12/2024,Arsenal,Manchester United,2.0,0.0,0.5,0.5,14.0,5.0,6.0,2.0,3.0,3.0,0.87,0.87,2.96684,0.256083,2.710757,0.21190200699950004,0.435,1,-2.710757,0.051206358728254346,0.435,0
04/12/2024,Aston Villa,Brentford,3.0,1.0,0.49,0.51,20.0,9.0,10.0,1.0,6.0,4.0,0.86,0.85,3.21673,1.13266,2.08407,0.16082845857707115,0.4214,1,-2.08407,0.1258371292078658,0.4335,0
05/12/2024,Fulham,Brighton,3.0,1.0,0.43,0.57,6.0,13.0,2.0,3.0,3.0,5.0,0.81,0.88,0.666644,1.09939,-0.4327460000000001,0.11108881853024495,0.3483,2,0.4327460000000001,0.08456195677255597,0.5015999999999999,0
05/12/2024,Bournemouth,Tottenham,1.0,0.0,0.35,0.65,21.0,12.0,8.0,4.0,8.0,5.0,0.7,0.82,3.27716,0.623934,2.653226,0.15604780724727393,0.24499999999999997,2,-2.653226,0.05199016748604283,0.533,0
07/12/2024,Crystal Palace,Manchester City,2.0,2.0,0.32,0.68,12.0,12.0,3.0,4.0,1.0,4.0,0.77,0.88,1.21476,1.5846,-0.36983999999999995,0.10122156486959422,0.2464,2,0.36983999999999995,0.1320389967502708,0.5984,0
07/12/2024,Brentford,Newcastle,4.0,2.0,0.44,0.56,11.0,16.0,8.0,3.0,2.0,11.0,0.8,0.86,1.75,1.96,-0.20999999999999996,0.15907644759567313,0.35200000000000004,2,0.20999999999999996,0.1224923442284857,0.48160000000000003,0
07/12/2024,Aston Villa,Southampton,1.0,0.0,0.47,0.53,18.0,4.0,5.0,0.0,5.0,0.0,0.86,0.89,2.51338,0.385832,2.127548,0.13962446530748293,0.40419999999999995,1,-2.127548,0.09643389152711822,0.4717,0
07/12/2024,Manchester United,Nottingham Forest,2.0,3.0,0.71,0.29,17.0,11.0,7.0,3.0,5.0,4.0,0.88,0.65,1.4697,0.651217,0.818483,0.08644785600847009,0.6248,0,-0.818483,0.059196163985092275,0.1885,2
08/12/2024,Fulham,Arsenal,1.0,1.0,0.34,0.66,2.0,12.0,2.0,4.0,0.0,8.0,0.72,0.89,0.150988,2.4333,-2.282312,0.07545627186406798,0.24480000000000002,2,2.282312,0.20275810349137574,0.5874,1
08/12/2024,Leicester,Brighton,2.0,2.0,0.55,0.45,10.0,16.0,3.0,7.0,2.0,6.0,0.84,0.85,1.42438,1.12184,0.30254000000000003,0.1424237576242376,0.462,0,-0.30254000000000003,0.07011061808636959,0.3825,0
08/12/2024,Ipswich,Bournemouth,1.0,2.0,0.43,0.57,18.0,22.0,5.0,6.0,6.0,9.0,0.74,0.81,1.5668,3.49127,-1.9244700000000001,0.08703960891061607,0.3182,2,1.9244700000000001,0.15868687786918775,0.4617,1
08/12/2024,Tottenham,Chelsea,3.0,4.0,0.39,0.61,13.0,17.0,5.0,8.0,5.0,4.0,0.83,0.86,3.25488,2.57326,0.6816200000000001,0.25035612645181143,0.3237,1,-0.6816200000000001,0.1513593318040115,0.5246,0
09/12/2024,West Ham,Wolves,2.0,1.0,0.54,0.46,19.0,19.0,4.0,5.0,6.0,7.0,0.81,0.77,1.2,1.48,-0.28,0.06315457081206252,0.43740000000000007,0,0.28,0.07789063733487711,0.3542,2
14/12/2024,Newcastle,Leicester,4.0,0.0,0.59,0.41,27.0,4.0,11.0,1.0,9.0,0.0,0.87,0.78,3.95,0.19,3.7600000000000002,0.14629087811562536,0.5133,1,-3.7600000000000002,0.04748812796800799,0.3198,2
14/12/2024,Wolves,Ipswich,1.0,2.0,0.54,0.46,16.0,10.0,6.0,5.0,5.0,2.0,0.84,0.83,1.24,1.73,-0.49,0.07749515655271545,0.4536,0,0.49,0.17298270172982702,0.3818,1
14/12/2024,Liverpool,Fulham,2.0,2.0,0.61,0.39,16.0,12.0,4.0,3.0,7.0,5.0,0.89,0.82,2.09698,1.2862,0.8107799999999998,0.131053059183801,0.5429,0,-0.8107799999999998,0.10717440213315557,0.3198,2
14/12/2024,Arsenal,Everton,0.0,0.0,0.77,0.23,13.0,2.0,5.0,0.0,3.0,0.0,0.92,0.71,1.30865,0.132166,1.176484,0.10065764171986771,0.7084,0,-1.176484,0.06604997501249375,0.1633,2
14/12/2024,Nottingham Forest,Aston Villa,2.0,1.0,0.5,0.5,17.0,8.0,6.0,2.0,6.0,4.0,0.91,0.88,2.2861,0.389423,1.8966769999999997,0.13446856067290158,0.455,1,-1.8966769999999997,0.04867179102612174,0.44,0
15/12/2024,Brighton,Crystal Palace,1.0,3.0,0.65,0.35,17.0,13.0,5.0,5.0,4.0,5.0,0.88,0.74,1.32323,3.00618,-1.6829500000000002,0.0778324804423269,0.5720000000000001,0,1.6829500000000002,0.23122682870548422,0.259,2
15/12/2024,Manchester City,Manchester United,1.0,2.0,0.52,0.48,10.0,10.0,3.0,3.0,4.0,4.0,0.87,0.88,0.638103,2.04662,-1.4085169999999998,0.0638039196080392,0.4524,0,1.4085169999999998,0.20464153584641537,0.4224,1
15/12/2024,Southampton,Tottenham,0.0,5.0,0.42,0.58,9.0,18.0,3.0,9.0,4.0,5.0,0.87,0.91,1.27356,3.89322,-2.6196599999999997,0.1414909454505055,0.3654,0,2.6196599999999997,0.2162779845564135,0.5277999999999999,1
15/12/2024,Chelsea,Brentford,2.0,1.0,0.62,0.38,26.0,9.0,8.0,4.0,10.0,3.0,0.86,0.76,2.59146,1.65861,0.9328500000000002,0.09966770508826583,0.5332,0,-0.9328500000000002,0.18426952560826576,0.2888,2
16/12/2024,Bournemouth,West Ham,1.0,1.0,0.51,0.49,29.0,16.0,9.0,3.0,6.0,6.0,0.76,0.73,2.04842,1.81827,0.23015000000000008,0.07063273680217924,0.3876,2,-0.23015000000000008,0.11363477282669833,0.35769999999999996,2
21/12/2024,Aston Villa,Manchester City,2.0,1.0,0.44,0.56,11.0,12.0,6.0,6.0,3.0,5.0,0.86,0.92,2.05988,1.09627,0.9636100000000001,0.18724479592764295,0.3784,1,-0.9636100000000001,0.09134822098158488,0.5152000000000001,0
21/12/2024,West Ham,Brighton,1.0,1.0,0.46,0.54,11.0,12.0,4.0,6.0,3.0,2.0,0.76,0.85,1.22937,1.34379,-0.11441999999999997,0.11175074993182439,0.3496,2,0.11441999999999997,0.11197316890259146,0.459,0
21/12/2024,Brentford,Nottingham Forest,0.0,2.0,0.64,0.36,7.0,10.0,3.0,6.0,2.0,3.0,0.85,0.78,0.769004,0.964897,-0.19589299999999998,0.10984202256820454,0.544,0,0.19589299999999998,0.09648005199480053,0.2808,2
21/12/2024,Ipswich,Newcastle,0.0,4.0,0.42,0.58,10.0,15.0,2.0,7.0,4.0,7.0,0.83,0.87,1.06,3.23,-2.17,0.10598940105989402,0.34859999999999997,2,2.17,0.21531897873475103,0.5045999999999999,1
21/12/2024,Crystal Palace,Arsenal,1.0,5.0,0.42,0.58,15.0,14.0,6.0,6.0,6.0,3.0,0.81,0.87,1.6052,3.05434,-1.4491399999999999,0.10700619958669422,0.3402,2,1.4491399999999999,0.21815156060281407,0.5045999999999999,1
22/12/2024,Manchester United,Bournemouth,0.0,3.0,0.6,0.4,23.0,10.0,7.0,5.0,10.0,3.0,0.8,0.75,2.28533,1.82831,0.45702,0.09935785400634754,0.48,0,-0.45702,0.1828127187281272,0.30000000000000004,2
22/12/2024,Fulham,Southampton,0.0,0.0,0.57,0.43,15.0,5.0,5.0,1.0,6.0,1.0,0.86,0.8,1.25255,0.280031,0.9725190000000001,0.08349776681554563,0.49019999999999997,0,-0.9725190000000001,0.05599500099980003,0.34400000000000003,2
22/12/2024,Everton,Chelsea,0.0,0.0,0.25,0.75,5.0,12.0,4.0,5.0,0.0,3.0,0.73,0.9,1.07081,1.51591,-0.44510000000000005,0.21411917616476703,0.1825,2,0.44510000000000005,0.1263153070577452,0.675,0
22/12/2024,Leicester,Wolves,0.0,3.0,0.54,0.46,9.0,8.0,5.0,4.0,2.0,3.0,0.87,0.84,0.79,1.14,-0.34999999999999987,0.08776802577491391,0.46980000000000005,0,0.34999999999999987,0.1424821897262842,0.3864,1
22/12/2024,Tottenham,Liverpool,3.0,6.0,0.52,0.48,9.0,24.0,5.0,12.0,3.0,8.0,0.85,0.86,1.20245,5.20214,-3.99969,0.13359071214309523,0.442,0,3.99969,0.2167468022165743,0.4128,1
26/12/2024,Manchester City,Everton,1.0,1.0,0.66,0.34,24.0,8.0,5.0,3.0,9.0,3.0,0.91,0.81,2.51965,0.653289,1.866361,0.1049810424565643,0.6006,0,-1.866361,0.08165091863517061,0.27540000000000003,2
26/12/2024,Newcastle,Aston Villa,3.0,0.0,0.63,0.37,22.0,4.0,8.0,1.0,7.0,2.0,0.92,0.8,2.83,0.23,2.6,0.12863051679469115,0.5796,1,-2.6,0.057485628592851785,0.296,2
26/12/2024,Bournemouth,Crystal Palace,0.0,0.0,0.52,0.48,18.0,10.0,4.0,4.0,10.0,2.0,0.82,0.78,1.20189,0.500066,0.7018239999999999,0.06676795733570356,0.4264,0,-0.7018239999999999,0.050001599840016,0.3744,2
26/12/2024,Southampton,West Ham,0.0,1.0,0.54,0.46,18.0,16.0,5.0,2.0,9.0,8.0,0.84,0.79,2.19833,1.90111,0.2972199999999998,0.12212265985223042,0.4536,0,-0.2972199999999998,0.11881194925317168,0.36340000000000006,2
26/12/2024,Chelsea,Fulham,1.0,2.0,0.47,0.53,12.0,14.0,8.0,7.0,1.0,7.0,0.83,0.86,1.55626,1.77929,-0.22303000000000006,0.1296775268727606,0.39009999999999995,0,0.22303000000000006,0.12708306549532178,0.45580000000000004,0
26/12/2024,Nottingham Forest,Tottenham,1.0,0.0,0.3,0.7,10.0,13.0,3.0,4.0,5.0,4.0,0.73,0.88,1.30018,1.05758,0.24259999999999993,0.13000499950004998,0.219,2,-0.24259999999999993,0.08134605030382279,0.616,0
26/12/2024,Wolves,Manchester United,2.0,0.0,0.51,0.49,7.0,11.0,4.0,4.0,1.0,3.0,0.83,0.8,0.83,0.36,0.47,0.1185544922153978,0.4233,0,-0.47,0.0327242977911099,0.392,0
26/12/2024,Liverpool,Leicester,3.0,1.0,0.69,0.31,19.0,4.0,7.0,1.0,6.0,2.0,0.91,0.76,1.89935,0.22097,1.6783800000000002,0.09996052839324246,0.6279,0,-1.6783800000000002,0.055228692826793296,0.2356,2
27/12/2024,Brighton,Brentford,0.0,0.0,0.58,0.42,24.0,8.0,7.0,3.0,12.0,2.0,0.82,0.75,1.33538,0.961233,0.374147,0.055638515061872416,0.4755999999999999,0,-0.374147,0.12013910761154857,0.315,2
27/12/2024,Arsenal,Ipswich,1.0,0.0,0.68,0.32,13.0,3.0,5.0,0.0,3.0,0.0,0.9,0.81,2.16462,0.0783327,2.0862873000000004,0.16649642335204987,0.6120000000000001,1,-2.0862873000000004,0.02610219926691103,0.25920000000000004,2
29/12/2024,Leicester,Manchester City,0.0,2.0,0.54,0.46,11.0,14.0,4.0,5.0,5.0,6.0,0.93,0.91,1.84208,1.58002,0.26205999999999996,0.16744659576402146,0.5022000000000001,1,-0.26205999999999996,0.11285051067780873,0.4186,0
29/12/2024,Fulham,Bournemouth,2.0,2.0,0.52,0.48,11.0,16.0,6.0,9.0,3.0,6.0,0.8,0.79,0.961566,1.70692,-0.745354,0.08740714480501774,0.41600000000000004,0,0.745354,0.10667583276045246,0.3792,2
29/12/2024,Everton,Nottingham Forest,0.0,2.0,0.64,0.36,13.0,11.0,2.0,7.0,9.0,4.0,0.81,0.68,0.615191,2.02753,-1.412339,0.04731874471194524,0.5184000000000001,0,1.412339,0.18430415416780294,0.24480000000000002,2
29/12/2024,Tottenham,Wolves,2.0,2.0,0.48,0.52,13.0,11.0,3.0,3.0,7.0,4.0,0.77,0.8,2.28,0.64,1.6399999999999997,0.175371125298054,0.3696,1,-1.6399999999999997,0.058176529406417606,0.41600000000000004,0
29/12/2024,Crystal Palace,Southampton,2.0,1.0,0.46,0.54,19.0,7.0,10.0,3.0,3.0,3.0,0.77,0.8,3.05417,1.21853,1.8356400000000002,0.16073732961423082,0.3542,1,-1.8356400000000002,0.17405084987858874,0.43200000000000005,2
29/12/2024,West Ham,Liverpool,0.0,5.0,0.46,0.54,7.0,22.0,0.0,13.0,4.0,7.0,0.86,0.88,0.518279,3.29868,-2.780401,0.07402928153120983,0.3956,0,2.780401,0.14993318485523385,0.4752,1
30/12/2024,Ipswich,Chelsea,2.0,0.0,0.24,0.76,9.0,20.0,6.0,5.0,1.0,7.0,0.63,0.9,1.50093,1.60622,-0.10528999999999988,0.16675147205866017,0.1512,2,0.10528999999999988,0.08030698465076745,0.684,0
30/12/2024,Aston Villa,Brighton,2.0,2.0,0.6,0.4,20.0,13.0,4.0,4.0,7.0,4.0,0.85,0.8,1.87997,0.938042,0.9419279999999999,0.09399380030998448,0.51,0,-0.9419279999999999,0.07215152680563035,0.32000000000000006,2
30/12/2024,Manchester United,Newcastle,0.0,2.0,0.53,0.47,10.0,12.0,0.0,4.0,5.0,4.0,0.87,0.86,1.0,2.24,-1.2400000000000002,0.09999000099990002,0.4611,0,1.2400000000000002,0.18665111240729942,0.40419999999999995,1
01/01/2025,Brentford,Arsenal,1.0,3.0,0.51,0.49,5.0,14.0,2.0,5.0,2.0,4.0,0.82,0.83,0.272604,1.99848,-1.725876,0.05450989802039592,0.41819999999999996,0,1.725876,0.14273837583029783,0.40669999999999995,1
04/01/2025,Tottenham,Newcastle,1.0,2.0,0.57,0.43,13.0,14.0,4.0,4.0,6.0,3.0,0.81,0.79,1.0,2.43,-1.4300000000000002,0.07691716021844473,0.4617,0,1.4300000000000002,0.17355903149775018,0.3397,1
04/01/2025,Bournemouth,Everton,1.0,0.0,0.58,0.42,19.0,9.0,8.0,0.0,7.0,9.0,0.77,0.67,2.61852,0.561015,2.057505,0.13780958896900164,0.4466,1,-2.057505,0.0623280746583713,0.2814,2
04/01/2025,Southampton,Brentford,0.0,5.0,0.51,0.49,8.0,20.0,1.0,11.0,5.0,7.0,0.86,0.86,0.249614,5.54874,-5.299125999999999,0.031197850268716413,0.4386,0,5.299125999999999,0.2774231288435578,0.4214,1
04/01/2025,Manchester City,West Ham,4.0,1.0,0.56,0.44,10.0,17.0,7.0,4.0,0.0,10.0,0.89,0.86,1.97986,1.53286,0.44700000000000006,0.19796620337966203,0.49840000000000007,1,-0.44700000000000006,0.09016293159225927,0.3784,0
04/01/2025,Crystal Palace,Chelsea,1.0,1.0,0.38,0.62,13.0,15.0,6.0,1.0,2.0,10.0,0.75,0.86,1.2766,1.51541,-0.23880999999999997,0.09819244673486655,0.28500000000000003,2,0.23880999999999997,0.10102059862675822,0.5332,0
04/01/2025,Aston Villa,Leicester,2.0,1.0,0.61,0.39,13.0,4.0,5.0,2.0,3.0,2.0,0.89,0.84,2.3456,0.81548,1.5301200000000001,0.18041689100838398,0.5429,1,-1.5301200000000001,0.2038190452386903,0.3276,2
04/01/2025,Brighton,Arsenal,1.0,1.0,0.45,0.55,11.0,9.0,4.0,3.0,4.0,4.0,0.86,0.88,1.76513,1.81142,-0.04628999999999994,0.16045177711117173,0.387,1,0.04628999999999994,0.2012465281635374,0.48400000000000004,1
05/01/2025,Fulham,Ipswich,2.0,2.0,0.73,0.27,15.0,7.0,4.0,3.0,4.0,3.0,0.88,0.75,2.65469,1.4434,1.21129,0.1769675354976335,0.6424,1,-1.21129,0.20617054706470503,0.2025,2
05/01/2025,Liverpool,Manchester United,2.0,2.0,0.53,0.47,19.0,13.0,6.0,4.0,8.0,1.0,0.83,0.75,2.862,1.67469,1.18731,0.15062365138676911,0.4399,1,-1.18731,0.1288123990462272,0.3525,2
06/01/2025,Wolves,Nottingham Forest,0.0,3.0,0.61,0.39,13.0,11.0,6.0,3.0,2.0,6.0,0.85,0.79,1.9,2.57,-0.6699999999999999,0.146142604415045,0.5185,0,0.6699999999999999,0.23361512589764566,0.30810000000000004,1
14/01/2025,West Ham,Fulham,3.0,2.0,0.44,0.56,4.0,21.0,3.0,5.0,1.0,11.0,0.83,0.85,0.937322,2.83581,-1.898488,0.23427193201699573,0.36519999999999997,2,1.898488,0.1350321413266035,0.47600000000000003,1
14/01/2025,Chelsea,Bournemouth,2.0,2.0,0.57,0.43,26.0,7.0,10.0,3.0,7.0,3.0,0.83,0.78,2.53808,1.14845,1.38963,0.09761470712664896,0.4730999999999999,0,-1.38963,0.16404085130695614,0.33540000000000003,2
14/01/2025,Brentford,Manchester City,2.0,2.0,0.45,0.55,18.0,21.0,6.0,8.0,9.0,11.0,0.81,0.87,2.39088,2.65315,-0.26227,0.13281928781734348,0.36450000000000005,2,0.26227,0.12633446026379697,0.47850000000000004,0
14/01/2025,Nottingham Forest,Liverpool,1.0,1.0,0.29,0.71,6.0,23.0,3.0,7.0,1.0,10.0,0.68,0.85,0.5292,2.72291,-2.1937100000000003,0.08818530244959173,0.19720000000000001,2,2.1937100000000003,0.11838224425024998,0.6034999999999999,1
15/01/2025,Newcastle,Wolves,3.0,0.0,0.61,0.39,17.0,13.0,5.0,7.0,5.0,4.0,0.87,0.77,2.13,1.47,0.6599999999999999,0.12528674783836244,0.5307,0,-0.6599999999999999,0.11306822552111376,0.3003,2
15/01/2025,Everton,Aston Villa,0.0,1.0,0.5,0.5,10.0,11.0,3.0,3.0,6.0,4.0,0.81,0.83,1.23126,1.28522,-0.05396000000000001,0.12311368863113689,0.405,0,0.05396000000000001,0.11682756113080629,0.415,0
15/01/2025,Leicester,Crystal Palace,0.0,2.0,0.57,0.43,21.0,9.0,4.0,4.0,11.0,3.0,0.86,0.79,2.09904,2.2647,-0.16565999999999992,0.09994952621303747,0.49019999999999997,0,0.16565999999999992,0.2516053771803133,0.3397,1
15/01/2025,Arsenal,Tottenham,2.0,1.0,0.53,0.47,14.0,10.0,4.0,2.0,4.0,4.0,0.83,0.84,2.25501,0.777071,1.4779390000000001,0.1610606385258196,0.4399,1,-1.4779390000000001,0.0776993300669933,0.3948,0
16/01/2025,Ipswich,Brighton,0.0,2.0,0.46,0.54,5.0,11.0,3.0,5.0,2.0,0.0,0.83,0.85,0.268127,1.06343,-0.7953030000000001,0.05361467706458708,0.3818,0,0.7953030000000001,0.09666666666666668,0.459,0
16/01/2025,Manchester United,Southampton,3.0,1.0,0.6,0.4,23.0,13.0,9.0,5.0,2.0,3.0,0.85,0.8,3.10847,1.36705,1.74142,0.13514499369592625,0.51,1,-1.74142,0.10514960387662489,0.32000000000000006,2
18/01/2025,Newcastle,Bournemouth,1.0,4.0,0.55,0.45,13.0,19.0,5.0,10.0,3.0,6.0,0.78,0.76,0.84,2.7,-1.8600000000000003,0.06461041458349358,0.42900000000000005,0,1.8600000000000003,0.14209778432714068,0.342,2
18/01/2025,Leicester,Fulham,0.0,2.0,0.39,0.61,8.0,17.0,4.0,2.0,3.0,9.0,0.77,0.86,0.676934,2.36823,-1.691296,0.08460617422822148,0.3003,2,1.691296,0.1392994529733545,0.5246,1
18/01/2025,West Ham,Crystal Palace,0.0,2.0,0.54,0.46,7.0,12.0,0.0,7.0,4.0,4.0,0.82,0.81,0.221062,1.62561,-1.404548,0.03157577488930153,0.4428,0,1.404548,0.13545621198233482,0.37260000000000004,1
18/01/2025,Brentford,Liverpool,0.0,2.0,0.39,0.61,11.0,37.0,6.0,8.0,4.0,14.0,0.79,0.87,1.20021,4.16249,-2.96228,0.10910008181074449,0.30810000000000004,2,2.96228,0.11249668927866815,0.5307,1
18/01/2025,Arsenal,Aston Villa,2.0,2.0,0.66,0.34,18.0,8.0,6.0,4.0,7.0,3.0,0.89,0.74,1.64458,1.20602,0.43855999999999984,0.09136047997333481,0.5874,0,-0.43855999999999984,0.15073365829271343,0.2516,2
19/01/2025,Manchester United,Brighton,1.0,3.0,0.52,0.48,10.0,6.0,1.0,3.0,3.0,1.0,0.83,0.81,1.31823,2.17172,-0.8534900000000001,0.1318098190180982,0.4316,0,0.8534900000000001,0.3618930178303616,0.38880000000000003,1
19/01/2025,Everton,Tottenham,3.0,2.0,0.35,0.65,12.0,11.0,6.0,6.0,4.0,2.0,0.83,0.86,2.56089,1.35719,1.2037000000000002,0.21338971752353972,0.2905,1,-1.2037000000000002,0.12336969366421234,0.559,0
19/01/2025,Nottingham Forest,Southampton,3.0,2.0,0.45,0.55,14.0,10.0,5.0,4.0,7.0,2.0,0.82,0.87,2.36419,1.25922,1.1049699999999998,0.16885865295336047,0.369,1,-1.1049699999999998,0.1259094090590941,0.47850000000000004,0
19/01/2025,Ipswich,Manchester City,0.0,6.0,0.33,0.67,8.0,17.0,4.0,9.0,1.0,3.0,0.87,0.92,0.795637,3.20228,-2.406643,0.09944219472565931,0.2871,2,2.406643,0.18835833186283157,0.6164000000000001,1
20/01/2025,Chelsea,Wolves,3.0,1.0,0.63,0.37,19.0,9.0,7.0,4.0,6.0,2.0,0.89,0.78,3.15,1.07,2.08,0.1657807483816641,0.5607,1,-2.08,0.11887568047994669,0.2886,2
25/01/2025,Bournemouth,Nottingham Forest,5.0,0.0,0.51,0.49,16.0,18.0,10.0,4.0,3.0,9.0,0.8,0.75,2.8254,0.996166,1.829234,0.1765764639710018,0.40800000000000003,1,-1.829234,0.05533948113993667,0.3675,2
25/01/2025,Wolves,Arsenal,0.0,1.0,0.52,0.48,9.0,9.0,4.0,3.0,4.0,3.0,0.84,0.83,0.51,0.89,-0.38,0.05666037106988113,0.4368,0,0.38,0.09887790245528276,0.3984,0
25/01/2025,Liverpool,Ipswich,4.0,1.0,0.7,0.3,16.0,3.0,6.0,3.0,7.0,0.0,0.9,0.77,2.16809,0.804707,1.3633829999999998,0.13549715642772325,0.63,1,-1.3633829999999998,0.2681462845718094,0.23099999999999998,2
25/01/2025,Southampton,Newcastle,1.0,3.0,0.53,0.47,12.0,17.0,5.0,9.0,3.0,4.0,0.84,0.83,0.83,3.08,-2.25,0.06916090325806183,0.4452,0,2.25,0.18116581377566024,0.39009999999999995,1
25/01/2025,Brighton,Everton,0.0,1.0,0.69,0.31,16.0,3.0,1.0,1.0,11.0,2.0,0.87,0.75,0.64378,0.870883,-0.22710299999999994,0.040233735391538024,0.6003,0,0.22710299999999994,0.29019760079973345,0.23249999999999998,2
25/01/2025,Manchester City,Chelsea,3.0,1.0,0.57,0.43,15.0,10.0,6.0,4.0,6.0,3.0,0.86,0.83,2.23213,1.49843,0.7337000000000002,0.14879874675021668,0.49019999999999997,1,-0.7337000000000002,0.14982801719828018,0.3569,2
26/01/2025,Tottenham,Leicester,1.0,2.0,0.61,0.39,15.0,12.0,6.0,3.0,5.0,2.0,0.84,0.74,1.27483,1.40469,-0.1298600000000001,0.08498300113325778,0.5124,0,0.1298600000000001,0.11704774602116491,0.2886,2
26/01/2025,Crystal Palace,Brentford,1.0,2.0,0.47,0.53,16.0,13.0,5.0,6.0,7.0,6.0,0.71,0.72,1.23177,1.92037,-0.6885999999999999,0.0769808136991438,0.33369999999999994,2,0.6885999999999999,0.14770940696869472,0.3816,2
26/01/2025,Aston Villa,West Ham,1.0,1.0,0.46,0.54,14.0,14.0,4.0,4.0,6.0,6.0,0.82,0.84,0.907851,1.67886,-0.771009,0.06484186843796871,0.3772,0,0.771009,0.11991000642811228,0.4536,0
26/01/2025,Fulham,Manchester United,0.0,1.0,0.51,0.49,9.0,4.0,3.0,1.0,6.0,2.0,0.83,0.84,0.560571,0.201988,0.35858300000000004,0.062278746805910466,0.4233,0,-0.35858300000000004,0.05048437890527368,0.41159999999999997,0
01/02/2025,Nottingham Forest,Brighton,7.0,0.0,0.37,0.63,14.0,10.0,9.0,5.0,4.0,3.0,0.79,0.86,4.0677,0.756296,3.3114040000000005,0.29052924791086354,0.2923,1,-3.3114040000000005,0.07562203779622038,0.5418,0
01/02/2025,Newcastle,Fulham,1.0,2.0,0.48,0.52,11.0,15.0,4.0,4.0,6.0,4.0,0.82,0.82,1.23,1.61,-0.3800000000000001,0.11180801745295883,0.39359999999999995,0,0.3800000000000001,0.10732617825478302,0.4264,0
01/02/2025,Bournemouth,Liverpool,0.0,2.0,0.49,0.51,14.0,19.0,3.0,7.0,8.0,5.0,0.79,0.82,1.65273,2.7219,-1.0691700000000002,0.11804371116348833,0.3871,2,1.0691700000000002,0.1432503552444608,0.41819999999999996,1
01/02/2025,Everton,Leicester,4.0,0.0,0.47,0.53,13.0,9.0,7.0,1.0,4.0,2.0,0.81,0.81,3.11261,0.447136,2.665474,0.2394131220675333,0.3807,1,-2.665474,0.04967625819353405,0.42930000000000007,0
01/02/2025,Ipswich,Southampton,1.0,2.0,0.57,0.43,15.0,9.0,6.0,4.0,5.0,1.0,0.85,0.78,1.94845,1.17566,0.7727900000000001,0.12988800746616894,0.48449999999999993,0,-0.7727900000000001,0.1306143761804244,0.33540000000000003,2
01/02/2025,Wolves,Aston Villa,2.0,0.0,0.31,0.69,8.0,10.0,5.0,3.0,3.0,2.0,0.81,0.89,2.0,0.74,1.26,0.2499687539057618,0.2511,1,-1.26,0.07399260073992601,0.6141,0
02/02/2025,Manchester United,Crystal Palace,0.0,2.0,0.67,0.33,17.0,11.0,2.0,3.0,6.0,7.0,0.82,0.65,1.50706,2.44633,-0.93927,0.08864537380154108,0.5494,0,0.93927,0.22237342059812745,0.21450000000000002,2
02/02/2025,Brentford,Tottenham,0.0,2.0,0.54,0.46,20.0,13.0,4.0,2.0,10.0,5.0,0.82,0.82,1.66475,0.945355,0.719395,0.08323333833308334,0.4428,0,-0.719395,0.07271402199830782,0.3772,0
02/02/2025,Arsenal,Manchester City,5.0,1.0,0.46,0.54,12.0,7.0,7.0,4.0,2.0,3.0,0.87,0.9,1.53202,0.743191,0.7888289999999999,0.12765769519206732,0.4002,1,-0.7888289999999999,0.10615497786030567,0.48600000000000004,0
03/02/2025,Chelsea,West Ham,2.0,1.0,0.68,0.32,22.0,14.0,3.0,5.0,9.0,6.0,0.86,0.74,1.39066,1.1868,0.20385999999999993,0.06320894504795237,0.5848,0,-0.20385999999999993,0.08476537390186416,0.2368,2
12/02/2025,Everton,Liverpool,2.0,2.0,0.37,0.63,10.0,6.0,3.0,4.0,5.0,0.0,0.7,0.83,0.910523,0.929103,-0.01858000000000004,0.09104319568043195,0.259,2,0.01858000000000004,0.15482469588401931,0.5229,0
14/02/2025,Brighton,Chelsea,3.0,0.0,0.31,0.69,13.0,8.0,5.0,0.0,6.0,6.0,0.77,0.9,2.06892,0.649788,1.4191319999999998,0.15913545111914468,0.2387,2,-1.4191319999999998,0.08121334833145857,0.621,0
15/02/2025,Leicester,Arsenal,0.0,2.0,0.4,0.6,6.0,11.0,2.0,5.0,2.0,3.0,0.72,0.86,0.233209,1.75,-1.516791,0.03886168971838027,0.288,2,1.516791,0.15907644759567313,0.516,1
15/02/2025,Fulham,Nottingham Forest,2.0,1.0,0.56,0.44,24.0,8.0,10.0,2.0,8.0,3.0,0.88,0.85,2.20993,0.331301,1.8786289999999999,0.09207658014249405,0.49280000000000007,0,-1.8786289999999999,0.0414074490688664,0.374,0
15/02/2025,Southampton,Bournemouth,1.0,3.0,0.45,0.55,11.0,14.0,4.0,7.0,3.0,3.0,0.79,0.83,0.974418,2.08722,-1.1128019999999998,0.08857540223616035,0.35550000000000004,2,1.1128019999999998,0.14907649453610455,0.4565,1
15/02/2025,West Ham,Brentford,0.0,1.0,0.59,0.41,13.0,14.0,3.0,5.0,3.0,5.0,0.85,0.78,0.673466,1.96499,-1.291524,0.051801092223675106,0.5015,0,1.291524,0.140346403828298,0.3198,2
15/02/2025,Manchester City,Newcastle,4.0,0.0,0.62,0.38,11.0,3.0,7.0,1.0,2.0,1.0,0.92,0.83,2.12,0.16,1.9600000000000002,0.1927097536587583,0.5704,1,-1.9600000000000002,0.053315561479506834,0.3154,2
15/02/2025,Aston Villa,Ipswich,1.0,1.0,0.76,0.24,25.0,4.0,6.0,3.0,10.0,0.0,0.91,0.73,2.89841,0.332864,2.5655460000000003,0.11593176272949082,0.6916,1,-2.5655460000000003,0.08319520119970007,0.1752,2
15/02/2025,Crystal Palace,Everton,1.0,2.0,0.58,0.42,17.0,11.0,6.0,6.0,6.0,1.0,0.77,0.72,2.30646,1.01565,1.29081,0.135666137286042,0.4466,1,-1.29081,0.0923234251431688,0.3024,2
16/02/2025,Liverpool,Wolves,2.0,1.0,0.5,0.5,10.0,16.0,3.0,4.0,6.0,7.0,0.82,0.85,1.87,1.05,0.8200000000000001,0.18698130186981304,0.41,1,-0.8200000000000001,0.06562089869383163,0.425,0
16/02/2025,Tottenham,Manchester United,1.0,0.0,0.56,0.44,22.0,16.0,7.0,6.0,6.0,6.0,0.88,0.83,1.97109,1.42652,0.54457,0.08959092768510522,0.49280000000000007,0,-0.54457,0.08915192800449971,0.36519999999999997,0
19/02/2025,Aston Villa,Liverpool,2.0,2.0,0.52,0.48,9.0,17.0,4.0,3.0,3.0,10.0,0.84,0.84,1.02269,2.04279,-1.0201,0.11361959782246418,0.4368,0,1.0201,0.1201570495853185,0.40319999999999995,1
21/02/2025,Leicester,Brentford,0.0,4.0,0.48,0.52,8.0,14.0,3.0,6.0,3.0,3.0,0.82,0.84,0.727901,2.03465,-1.306749,0.09097625296837897,0.39359999999999995,0,1.306749,0.14532176273123348,0.4368,1
22/02/2025,Everton,Manchester United,2.0,2.0,0.38,0.62,9.0,9.0,8.0,3.0,0.0,2.0,0.74,0.86,2.10444,0.645685,1.458755,0.2338006888123542,0.2812,2,-1.458755,0.07173480724363959,0.5332,0
22/02/2025,Bournemouth,Wolves,0.0,1.0,0.45,0.55,8.0,13.0,3.0,5.0,2.0,5.0,0.76,0.8,0.63,2.1,-1.4700000000000002,0.07874015748031497,0.342,2,1.4700000000000002,0.16152603645873395,0.44000000000000006,1
22/02/2025,Fulham,Crystal Palace,0.0,2.0,0.62,0.38,10.0,10.0,0.0,5.0,5.0,3.0,0.83,0.76,0.23426,1.46203,-1.22777,0.023423657634236577,0.5146,0,1.22777,0.14618838116188382,0.2888,2
22/02/2025,Southampton,Brighton,0.0,4.0,0.5,0.5,6.0,18.0,1.0,12.0,2.0,3.0,0.8,0.82,0.154147,5.12018,-4.966033,0.025686885519080153,0.4,0,4.966033,0.28443864229765015,0.41,1
22/02/2025,Arsenal,West Ham,0.0,1.0,0.68,0.32,20.0,5.0,2.0,2.0,8.0,3.0,0.89,0.78,1.37264,1.02684,0.3458000000000001,0.06862856857157142,0.6052000000000001,0,-0.3458000000000001,0.20532693461307736,0.24960000000000002,2
22/02/2025,Ipswich,Tottenham,1.0,4.0,0.41,0.59,17.0,10.0,5.0,6.0,5.0,1.0,0.82,0.86,1.15389,1.58741,-0.4335199999999999,0.06787188988883007,0.33619999999999994,2,0.4335199999999999,0.1587251274872513,0.5074,1
22/02/2025,Aston Villa,Chelsea,2.0,1.0,0.52,0.48,12.0,15.0,6.0,7.0,3.0,5.0,0.87,0.88,2.69413,2.17418,0.5199500000000001,0.2244921256561953,0.4524,1,-0.5199500000000001,0.14493567095526963,0.4224,0
23/02/2025,Newcastle,Nottingham Forest,4.0,3.0,0.57,0.43,13.0,17.0,5.0,5.0,3.0,5.0,0.82,0.73,3.46,2.39,1.0699999999999998,0.2661333743558188,0.4673999999999999,1,-1.0699999999999998,0.14057996588435975,0.3139,2
23/02/2025,Manchester City,Liverpool,0.0,2.0,0.66,0.34,16.0,8.0,5.0,4.0,3.0,2.0,0.92,0.81,0.558203,0.800048,-0.24184499999999998,0.03488550715580276,0.6072000000000001,0,0.24184499999999998,0.09999350081239845,0.27540000000000003,2
25/02/2025,Wolves,Fulham,1.0,2.0,0.6,0.4,18.0,11.0,5.0,5.0,7.0,3.0,0.88,0.84,0.93,1.43,-0.4999999999999999,0.051663796455752455,0.528,0,0.4999999999999999,0.12998818289246433,0.336,2
25/02/2025,Brighton,Bournemouth,2.0,1.0,0.43,0.57,11.0,19.0,4.0,5.0,4.0,7.0,0.72,0.8,2.57927,1.70169,0.8775800000000002,0.23445777656576677,0.3096,2,-0.8775800000000002,0.08955791800431555,0.45599999999999996,0
25/02/2025,Crystal Palace,Aston Villa,4.0,1.0,0.36,0.64,19.0,6.0,6.0,2.0,8.0,3.0,0.73,0.86,4.02522,0.667217,3.358003,0.2118425346034419,0.2628,1,-3.358003,0.11118430261623061,0.5504,0
25/02/2025,Chelsea,Southampton,4.0,0.0,0.6,0.4,19.0,7.0,10.0,2.0,7.0,2.0,0.91,0.84,2.98234,0.845039,2.1373010000000003,0.1569570022630388,0.546,1,-2.1373010000000003,0.12070261391229824,0.336,2
26/02/2025,Manchester United,Ipswich,3.0,2.0,0.45,0.55,10.0,12.0,6.0,3.0,1.0,4.0,0.82,0.86,1.40202,1.04498,0.35704,0.14018798120187984,0.369,2,-0.35704,0.08707441046579452,0.47300000000000003,0
26/02/2025,Tottenham,Manchester City,0.0,1.0,0.56,0.44,11.0,12.0,6.0,5.0,3.0,2.0,0.88,0.87,1.28426,2.38641,-1.1021500000000002,0.11674029633669666,0.49280000000000007,0,1.1021500000000002,0.1988509290892426,0.3828,1
26/02/2025,Brentford,Everton,1.0,1.0,0.52,0.48,12.0,14.0,3.0,4.0,6.0,8.0,0.84,0.83,1.34009,1.44955,-0.10945999999999989,0.11166486126156154,0.4368,0,0.10945999999999989,0.10353189057924433,0.3984,0
26/02/2025,Nottingham Forest,Arsenal,0.0,0.0,0.35,0.65,6.0,13.0,2.0,1.0,1.0,3.0,0.74,0.87,0.508611,1.31766,-0.809049,0.08475437427095484,0.259,2,0.809049,0.1013506653334359,0.5655,0
26/02/2025,Liverpool,Newcastle,2.0,0.0,0.61,0.39,12.0,3.0,3.0,0.0,5.0,2.0,0.9,0.84,1.4,0.46,0.94,0.11665694525456212,0.549,0,-0.94,0.15328223925358214,0.3276,2
27/02/2025,West Ham,Leicester,2.0,0.0,0.58,0.42,8.0,10.0,2.0,2.0,3.0,3.0,0.9,0.85,1.70437,0.289578,1.4147919999999998,0.2130196225471816,0.522,1,-1.4147919999999998,0.028954904509549045,0.357,0
08/03/2025,Nottingham Forest,Manchester City,1.0,0.0,0.31,0.69,9.0,14.0,4.0,3.0,3.0,8.0,0.8,0.9,0.501476,0.721234,-0.219758,0.05571336518164649,0.248,2,0.219758,0.05151303478322977,0.621,0
08/03/2025,Liverpool,Southampton,3.0,1.0,0.71,0.29,28.0,6.0,7.0,4.0,13.0,0.0,0.91,0.76,4.98996,0.511566,4.478394,0.17820649262526336,0.6461,1,-4.478394,0.08524679220129977,0.22039999999999998,2
08/03/2025,Brighton,Fulham,2.0,1.0,0.53,0.47,9.0,6.0,4.0,1.0,3.0,2.0,0.86,0.85,1.94417,0.708227,1.2359429999999998,0.21599488945672704,0.45580000000000004,1,-1.2359429999999998,0.11801816363939344,0.39949999999999997,0
08/03/2025,Crystal Palace,Ipswich,1.0,0.0,0.55,0.45,19.0,15.0,4.0,8.0,6.0,4.0,0.74,0.75,3.13879,1.63282,1.5059700000000003,0.16519077943266144,0.40700000000000003,1,-1.5059700000000003,0.10884741017265516,0.3375,2
08/03/2025,Brentford,Aston Villa,0.0,1.0,0.6,0.4,13.0,12.0,3.0,4.0,4.0,2.0,0.86,0.76,0.637743,1.29638,-0.6586370000000001,0.0490533805091916,0.516,0,0.6586370000000001,0.10802266477793518,0.30400000000000005,2
08/03/2025,Wolves,Everton,1.0,1.0,0.66,0.34,11.0,12.0,3.0,4.0,5.0,1.0,0.88,0.76,0.81,1.37,-0.56,0.07362967002999728,0.5808,0,0.56,0.1141571535705358,0.2584,2
09/03/2025,Tottenham,Bournemouth,2.0,2.0,0.61,0.39,12.0,17.0,4.0,8.0,3.0,4.0,0.82,0.76,1.35053,2.22536,-0.8748299999999998,0.1125347887676027,0.5002,0,0.8748299999999998,0.13089582965707897,0.2964,2
09/03/2025,Chelsea,Leicester,1.0,0.0,0.57,0.43,20.0,3.0,7.0,3.0,5.0,0.0,0.86,0.81,1.76844,0.108487,1.659953,0.08841757912104395,0.49019999999999997,0,-1.659953,0.03615028323892036,0.3483,2
09/03/2025,Manchester United,Arsenal,1.0,1.0,0.32,0.68,10.0,17.0,6.0,6.0,2.0,6.0,0.76,0.89,1.31107,1.82996,-0.5188900000000001,0.1310938906109389,0.2432,2,0.5188900000000001,0.10763837421328157,0.6052000000000001,0
10/03/2025,West Ham,Newcastle,0.0,1.0,0.51,0.49,9.0,9.0,2.0,3.0,1.0,3.0,0.81,0.81,0.82,1.63,-0.8099999999999999,0.09110098877902455,0.4131,0,0.8099999999999999,0.1810909898900122,0.39690000000000003,1
15/03/2025,Southampton,Wolves,1.0,2.0,0.59,0.41,10.0,5.0,3.0,3.0,3.0,2.0,0.89,0.86,1.28,0.54,0.74,0.127987201279872,0.5251,0,-0.74,0.10797840431913618,0.35259999999999997,0
15/03/2025,Everton,West Ham,1.0,1.0,0.54,0.46,13.0,10.0,5.0,5.0,4.0,4.0,0.85,0.8,1.189,0.516029,0.6729710000000001,0.0914545034997308,0.459,0,-0.6729710000000001,0.0515977402259774,0.36800000000000005,0
15/03/2025,Manchester City,Brighton,2.0,2.0,0.6,0.4,11.0,15.0,3.0,3.0,7.0,10.0,0.83,0.75,2.02642,2.11119,-0.08477000000000023,0.18420325424961367,0.49799999999999994,1,0.08477000000000023,0.14073661755882944,0.30000000000000004,2
15/03/2025,Ipswich,Nottingham Forest,2.0,4.0,0.56,0.44,11.0,11.0,4.0,6.0,5.0,4.0,0.84,0.79,0.520839,1.30722,-0.786381,0.04734469593673303,0.47040000000000004,0,0.786381,0.11882737932915191,0.3476,2
15/03/2025,Bournemouth,Brentford,1.0,2.0,0.59,0.41,17.0,10.0,5.0,4.0,7.0,5.0,0.81,0.71,2.02714,1.60321,0.42393000000000014,0.11923651549908829,0.4779,0,-0.42393000000000014,0.1603049695030497,0.29109999999999997,2
16/03/2025,Fulham,Tottenham,2.0,0.0,0.57,0.43,13.0,12.0,4.0,4.0,3.0,4.0,0.84,0.86,1.03966,1.40865,-0.36898999999999993,0.07996769479270825,0.47879999999999995,0,0.36898999999999993,0.11737771852345638,0.36979999999999996,0
16/03/2025,Arsenal,Chelsea,1.0,0.0,0.41,0.59,12.0,8.0,4.0,2.0,6.0,3.0,0.84,0.87,0.695725,0.286036,0.409689,0.057972252312307314,0.3444,0,-0.409689,0.035750031246094244,0.5133,0
16/03/2025,Leicester,Manchester United,0.0,3.0,0.54,0.46,11.0,18.0,3.0,5.0,2.0,8.0,0.84,0.79,1.30455,1.13892,0.16563000000000017,0.11858467412053451,0.4536,0,-0.16563000000000017,0.06326981834342536,0.36340000000000006,2
01/04/2025,Wolves,West Ham,1.0,0.0,0.41,0.59,9.0,10.0,2.0,1.0,6.0,7.0,0.81,0.85,1.1,1.73,-0.6299999999999999,0.12220864348405734,0.3321,2,0.6299999999999999,0.17298270172982702,0.5015,1
01/04/2025,Arsenal,Fulham,2.0,1.0,0.51,0.49,17.0,9.0,4.0,3.0,6.0,4.0,0.9,0.86,2.30189,1.44206,0.8598300000000003,0.1353973295688489,0.459,1,-0.8598300000000003,0.16021108765692701,0.4214,0
01/04/2025,Nottingham Forest,Manchester United,1.0,0.0,0.32,0.68,8.0,23.0,2.0,6.0,4.0,9.0,0.73,0.86,0.512063,1.86688,-1.3548170000000002,0.06399987501562306,0.2336,2,1.3548170000000002,0.08116516673188122,0.5848,0
02/04/2025,Newcastle,Brentford,2.0,1.0,0.48,0.52,21.0,12.0,4.0,3.0,9.0,3.0,0.76,0.77,2.27,1.53,0.74,0.10809009094805008,0.3648,2,-0.74,0.1274893758853429,0.40040000000000003,2
02/04/2025,Bournemouth,Ipswich,1.0,2.0,0.64,0.36,24.0,10.0,7.0,2.0,10.0,6.0,0.82,0.69,1.99637,1.41263,0.5837399999999999,0.08317861755760177,0.5247999999999999,0,-0.5837399999999999,0.14124887511248876,0.24839999999999998,2
02/04/2025,Southampton,Crystal Palace,1.0,1.0,0.43,0.57,8.0,9.0,2.0,3.0,3.0,5.0,0.78,0.84,0.687304,0.93776,-0.250456,0.08590226221722286,0.33540000000000003,2,0.250456,0.10418397955782692,0.47879999999999995,0
02/04/2025,Manchester City,Leicester,2.0,0.0,0.72,0.28,18.0,2.0,5.0,0.0,5.0,2.0,0.94,0.81,2.07165,0.104741,1.966909,0.11508527304038664,0.6768,0,-1.966909,0.052344327836081964,0.22680000000000003,2
02/04/2025,Brighton,Aston Villa,0.0,3.0,0.56,0.44,11.0,8.0,4.0,5.0,5.0,3.0,0.86,0.84,0.558009,1.20715,-0.649141,0.05072347968366512,0.48160000000000003,0,0.649141,0.15087489063867016,0.3696,1
02/04/2025,Liverpool,Everton,1.0,0.0,0.74,0.26,17.0,5.0,3.0,0.0,5.0,2.0,0.87,0.64,1.29718,0.823136,0.474044,0.0763002176342568,0.6438,0,-0.474044,0.16459428114377123,0.16640000000000002,2
03/04/2025,Chelsea,Tottenham,1.0,0.0,0.5,0.5,11.0,8.0,5.0,2.0,4.0,3.0,0.85,0.88,1.30443,1.40274,-0.09831000000000012,0.1185737660212708,0.425,0,0.09831000000000012,0.17532058492688415,0.44,1
05/04/2025,Everton,Arsenal,1.0,1.0,0.3,0.7,5.0,14.0,2.0,5.0,2.0,3.0,0.69,0.87,1.22875,1.4031,-0.17435,0.24570085982803438,0.207,2,0.17435,0.10021427040925648,0.609,0
05/04/2025,West Ham,Bournemouth,2.0,2.0,0.56,0.44,9.0,11.0,3.0,4.0,5.0,4.0,0.79,0.74,0.907832,1.94869,-1.040858,0.10085901566492612,0.44240000000000007,0,1.040858,0.17713753295154988,0.3256,2
05/04/2025,Crystal Palace,Brighton,2.0,1.0,0.38,0.62,8.0,11.0,3.0,5.0,1.0,3.0,0.75,0.85,0.443965,1.27226,-0.828295,0.05548868891388577,0.28500000000000003,2,0.828295,0.11564948641032634,0.527,0
05/04/2025,Ipswich,Wolves,1.0,2.0,0.44,0.56,6.0,22.0,2.0,7.0,2.0,9.0,0.76,0.82,0.87,3.81,-2.94,0.14497583736043992,0.33440000000000003,2,2.94,0.17317394663878913,0.4592,1
05/04/2025,Aston Villa,Nottingham Forest,2.0,1.0,0.52,0.48,17.0,19.0,8.0,3.0,6.0,14.0,0.85,0.84,2.63349,0.96769,1.6658,0.1549020645844362,0.442,1,-1.6658,0.05092837219093732,0.40319999999999995,0
06/04/2025,Fulham,Liverpool,3.0,2.0,0.38,0.62,12.0,14.0,6.0,6.0,4.0,5.0,0.78,0.84,1.72764,1.40638,0.3212600000000001,0.14395800349970836,0.2964,2,-0.3212600000000001,0.10044853939004357,0.5207999999999999,0
06/04/2025,Tottenham,Southampton,3.0,1.0,0.51,0.49,13.0,12.0,8.0,4.0,2.0,2.0,0.89,0.89,2.648,0.780439,1.8675610000000002,0.20367664025844168,0.4539,1,-1.8675610000000002,0.06503116406966086,0.4361,0
06/04/2025,Brentford,Chelsea,0.0,0.0,0.41,0.59,9.0,21.0,2.0,5.0,5.0,9.0,0.76,0.84,1.36123,1.47829,-0.11706000000000016,0.15123097433618488,0.3116,2,0.11706000000000016,0.07039140993286035,0.49559999999999993,0
06/04/2025,Manchester United,Manchester City,0.0,0.0,0.42,0.58,13.0,9.0,2.0,5.0,5.0,3.0,0.84,0.88,1.23317,0.687894,0.5452760000000001,0.09485193446657951,0.35279999999999995,0,-0.5452760000000001,0.07642417509165648,0.5104,0
07/04/2025,Leicester,Newcastle,0.0,3.0,0.58,0.42,7.0,16.0,2.0,5.0,4.0,8.0,0.84,0.8,0.35,3.44,-3.09,0.04999285816311955,0.48719999999999997,0,3.09,0.21498656333979124,0.336,1
